shape,n,algorithm,mean_ms,min_ms,max_ms,comparisons,moves,extra_bytes,stable_observed
random,1000,insertion,0.656659,0.632775,0.730493,256520,257525,16,1
random,1000,merge,1.481223,0.055133,7.140073,8679,19952,16000,1
random,1000,heap,0.075095,0.066670,0.079039,16846,27183,16,1
sorted,1000,insertion,0.004659,0.004627,0.004687,999,1998,16,1
sorted,1000,merge,0.042919,0.042755,0.043085,4932,19952,16000,1
sorted,1000,heap,0.070542,0.051107,0.107572,17583,29124,16,1
reverse,1000,insertion,1.558408,1.517140,1.591061,499500,501498,16,1
reverse,1000,merge,0.059476,0.046200,0.111258,5044,19952,16000,1
reverse,1000,heap,0.066907,0.049225,0.104808,15965,24948,16,1
duplicates,1000,insertion,0.703584,0.683221,0.720968,226909,227909,16,1
duplicates,1000,merge,0.059322,0.056004,0.063676,8535,19952,16000,1
duplicates,1000,heap,0.066324,0.049855,0.080682,15820,24843,16,0
random,2000,insertion,3.237597,3.123974,3.368112,993683,995690,16,1
random,2000,merge,0.189578,0.169345,0.207583,19440,43904,32000,1
random,2000,heap,0.181125,0.169866,0.195926,37767,60699,16,0
sorted,2000,insertion,0.009064,0.008753,0.009284,1999,3998,16,1
sorted,2000,merge,0.108534,0.093361,0.149716,10864,43904,32000,1
sorted,2000,heap,0.142559,0.133632,0.163857,39159,63900,16,1
reverse,2000,insertion,6.052074,5.725199,6.411204,1999000,2002998,16,1
reverse,2000,merge,0.093994,0.088875,0.101152,11088,43904,32000,1
reverse,2000,heap,0.146309,0.135565,0.151889,35964,56124,16,1
duplicates,2000,insertion,2.694144,2.486602,2.805884,880617,882616,16,1
duplicates,2000,merge,0.148734,0.129696,0.195204,18834,43904,32000,1
duplicates,2000,heap,0.166091,0.152630,0.212311,35089,54876,16,0
random,4000,insertion,11.619515,10.487235,12.806914,3989487,3993497,16,1
random,4000,merge,0.397193,0.368156,0.442528,42793,95808,64000,1
random,4000,heap,0.425813,0.385362,0.474877,83381,132786,16,0
sorted,4000,insertion,0.018480,0.018438,0.018498,3999,7998,16,1
sorted,4000,merge,0.241831,0.202346,0.273863,23728,95808,64000,1
sorted,4000,heap,0.329601,0.319963,0.339983,86576,141426,16,1
reverse,4000,insertion,21.779849,20.069554,22.740515,7998000,8005998,16,1
reverse,4000,merge,0.217306,0.178830,0.260193,24176,95808,64000,1
reverse,4000,heap,0.364066,0.297680,0.592394,80151,124308,16,1
duplicates,4000,insertion,9.838097,9.049105,10.871976,3597931,3601930,16,1
duplicates,4000,merge,0.316330,0.276147,0.380254,41572,95808,64000,1
duplicates,4000,heap,0.353738,0.331671,0.399353,77563,120891,16,0
random,8000,insertion,42.282947,40.505661,43.658879,15810873,15818881,16,1
random,8000,merge,0.868887,0.841389,0.956814,93744,207616,128000,1
random,8000,heap,0.987620,0.856422,1.257968,182926,290244,16,0
sorted,8000,insertion,0.031259,0.030376,0.032559,7999,15998,16,1
sorted,8000,merge,0.428482,0.380914,0.479303,51456,207616,128000,1
sorted,8000,heap,0.705548,0.678934,0.729791,189377,307914,16,1
reverse,8000,insertion,86.764261,83.149978,92.010568,31996000,32011998,16,1
reverse,8000,merge,0.437300,0.399032,0.513004,52352,207616,128000,1
reverse,8000,heap,0.716275,0.652895,0.880339,176057,272328,16,1
duplicates,8000,insertion,40.167220,37.252472,49.642833,14320935,14328936,16,1
duplicates,8000,merge,0.618283,0.610762,0.632274,90939,207616,128000,1
duplicates,8000,heap,0.770116,0.680637,0.999208,168801,262194,16,0
random,16000,insertion,169.515631,166.729955,173.867621,64537674,64553686,16,1
random,16000,merge,1.841953,1.788118,1.889090,203322,447232,256000,1
random,16000,heap,1.873010,1.814297,1.934899,397424,627270,16,0
sorted,16000,insertion,0.061607,0.060712,0.065018,15999,31998,16,1
sorted,16000,merge,0.881178,0.829942,0.986319,110912,447232,256000,1
sorted,16000,heap,1.611756,1.526272,1.705654,410921,661140,16,1
reverse,16000,insertion,354.466457,346.047990,374.758338,127992000,128023998,16,1
reverse,16000,merge,1.101250,0.868010,1.779375,112704,447232,256000,1
reverse,16000,heap,1.554909,1.452912,1.798044,384387,593628,16,1
duplicates,16000,insertion,161.009947,148.249608,179.724202,57613034,57629033,16,1
duplicates,16000,merge,1.353955,1.296025,1.473974,196624,447232,256000,1
duplicates,16000,heap,2.102867,1.510820,2.618601,366180,567123,16,0
